,0
company,590
2018,583
gas,500
oil,473
31,449
december,443
net,377
2017,373
production,361
million,341
2016,287
cash,260
financial,254
year,249
ended,243
costs,242
notes,235
senior,233
10,232
assets,224
value,213
proved,211
future,207
reserves,199
properties,198
income,181
operations,177
report,168
credit,166
loss,166
price,166
percent,160
tax,159
drilling,152
stock,150
years,147
expense,144
total,144
including,143
additional,142
wells,138
activities,136
fair,133
common,130
debt,129
based,128
derivative,128
estimated,128
prices,128
result,127
certain,126
statements,126
ngl,125
agreement,124
quarter,124
operating,120
development,119
plan,118
changes,117
period,113
capital,112
related,110
flows,108
2019,107
accounting,107
filed,107
current,102
refer,102
information,100
note,99
recorded,98
non,97
ngls,96
basis,95
12,94
item,91
control,88
divestiture,88
regulations,88
asset,87
shares,87
compared,86
increase,86
significant,86
issued,85
results,85
rate,83
energy,82
share,82
discussion,81
average,80
commodity,79
balance,78
completion,78
equity,78
gain,78
requirements,78
estimates,77
increased,77
15,76
market,76
registrant,76
subject,76
performance,75
revenue,74
change,73
federal,73
sale,73
state,73
time,73
convertible,72
21,71
acreage,71
accompanying,70
amounts,70
contracts,70
effect,70
basin,69
exploration,68
ford,68
liability,68
used,68
following,67
form,67
liabilities,67
reference,67
shale,67
undeveloped,67
eagle,66
incorporated,66
date,65
new,65
business,64
transactions,64
consolidated,63
ability,62
ii,62
risk,62
term,62
compensation,61
cost,61
midland,61
mmboe,61
primarily,61
proceeds,61
plans,60
benefit,59
impact,59
laws,59
reserve,59
securities,59
11,58
portion,58
16,57
acquisition,57
act,57
emissions,57
outstanding,57
principal,57
required,57
table,57
20,56
approximately,56
asu,56
long,56
sm,56
associated,55
exhibit,55
included,55
unproved,55
use,55
expect,54
financing,54
incurred,54
completed,53
conditions,53
decrease,53
expected,53
facility,53
retirement,53
thousands,53
transportation,53
adjusted,52
held,52
industry,52
management,52
number,52
property,52
respectively,52
30,51
affect,51
lease,51
obligations,51
paid,51
texas,51
deferred,50
pension,50
water,50
standards,49
volumes,49
0,48
acquisitions,48
available,48
existing,48
factors,48
greenhouse,48
material,48
region,48
13,47
environmental,47
epa,47
program,47
taxes,47
weighted,47
14,46
actual,46
service,46
18,45
addition,45
boe,45
potential,45
processing,45
data,44
fracturing,44
operated,44
terms,44
effective,43
expenses,43
using,43
activity,42
august,42
equipment,42
measure,42
producing,42
annual,41
economic,41
payments,41
prior,41
psus,41
received,41
section,41
states,41
aggregate,40
compliance,40
various,40
adversely,39
carrying,39
divestitures,39
drilled,39
hydraulic,39
internal,39
mmbbl,39
obligation,39
presented,39
provided,39
reporting,39
summary,39
commitments,38
end,38
february,38
impairment,38
include,38
january,38
level,38
rates,38
regulatory,38
comprehensive,37
employee,37
instruments,37
policies,37
50,36
adverse,36
bbl,36
effects,36
employees,36
investment,36
make,36
risks,36
believe,35
billion,35
borrowing,35
consideration,35
issuance,35
reduce,35
remaining,35
settlement,35
stockholders,35
2021,34
2022,34
26,34
500,34
expenditures,34
generally,34
payment,34
settlements,34
areas,33
developed,33
discount,33
exchange,33
gaap,33
includes,33
quantities,33
resources,33
resulting,33
sheets,33
22,32
arrangements,32
assumptions,32
condition,32
facilities,32
offset,32
executive,31
final,31
materially,31
periods,31
permian,31
provide,31
purchase,31
recognized,31
reduced,31
united,31
29,30
accordance,30
demand,30
directors,30
gathering,30
leases,30
losses,30
party,30
restricted,30
rule,30
september,30
25,29
accrued,29
amortization,29
determined,29
limit,29
locations,29
millions,29
parties,29
require,29
sources,29
2023,28
depletion,28
gross,28
lower,28
method,28
rsus,28
35,27
48,27
acquired,27
amended,27
base,27
beginning,27
continue,27
covenants,27
dated,27
grant,27
liquidity,27
mountain,27
partially,27
statement,27
timing,27
100,26
19,26
43,26
49,26
applicable,26
awards,26
day,26
fees,26
general,26
higher,26
natural,26
outside,26
reasonable,26
rocky,26
sec,26
standardized,26
17,25
40,25
agreements,25
bank,25
benefits,25
climate,25
controls,25
customers,25
decreased,25
disclosure,25
discounted,25
forward,25
governing,25
guidance,25
month,25
present,25
produced,25
realized,25
redemption,25
regarding,25
revenues,25
sales,25
second,25
title,25
2014,24
2015,24
28,24
accounts,24
acres,24
administrative,24
defined,24
entities,24
equivalent,24
line,24
markets,24
overall,24
pricing,24
regulation,24
relating,24
repurchase,24
resulted,24
substantial,24
2027,23
24,23
37,23
64,23
board,23
capitalized,23
corporate,23
depreciation,23
develop,23
does,23
gases,23
group,23
joint,23
major,23
necessary,23
nymex,23
provides,23
rules,23
systems,23
32,22
bcf,22
ebitdax,22
estimate,22
exploratory,22
fixed,22
fund,22
greater,22
index,22
june,22
methane,22
minimum,22
position,22
process,22
produce,22
productive,22
public,22
pv,22
reported,22
units,22
valuation,22
abandonment,21
adopted,21
analysis,21
component,21
considered,21
contractual,21
delays,21
dividends,21
filing,21
incur,21
limited,21
obtain,21
operational,21
owners,21
periodic,21
presentation,21
product,21
pursuant,21
unamortized,21
44,20
56,20
76,20
appropriate,20
contract,20
differentials,20
discussed,20
growth,20
impacts,20
investments,20
national,20
occur,20
officer,20
order,20
previously,20
quality,20
quarterly,20
recently,20
reflect,20
revisions,20
0,19
23,19
75,19
80,19
affected,19
air,19
availability,19
award,19
calculate,19
circumstances,19
coast,19
companies,19
core,19
counterparties,19
county,19
derivatives,19
director,19
disposal,19
ending,19
engineering,19
entered,19
excess,19
follows,19
granted,19
gulf,19
items,19
office,19
operate,19
ownership,19
receive,19
retained,19
services,19
trends,19
values,19
120,18
2013,18
36,18
accumulated,18
agencies,18
audit,18
classified,18
delivery,18
efforts,18
established,18
extinguishment,18
field,18
hazardous,18
independent,18
llc,18
looking,18
maturity,18
midstream,18
policy,18
potentially,18
programs,18
regional,18
requires,18
resource,18
sell,18
settle,18
sheet,18
sold,18
supplemental,18
technical,18
working,18
9,17
27,17
33,17
access,17
acquire,17
adoption,17
area,17
assurance,17
cause,17
court,17
diluted,17
divested,17
divide,17
drill,17
earnings,17
evaluated,17
events,17
fourth,17
life,17
longer,17
north,17
overview,17
proposed,17
provisions,17
reflects,17
respect,17
return,17
returns,17
right,17
security,17
volatility,17
wti,17
2,16
111,16
41,16
47,16
54,16
capacity,16
conduct,16
conversion,16
dilutive,16
driven,16
eligible,16
emission,16
environment,16
excluding,16
fiscal,16
half,16
initial,16
investing,16
lead,16
legislation,16
lender,16
levels,16
local,16
march,16
percentage,16
perform,16
permitting,16
regions,16
respective,16
restated,16
rigs,16
rock,16
rounding,16
similar,16
successful,16
sufficient,16
vested,16
vesting,16
104,15
160,15
2010,15
85,15
90,15
added,15
additionally,15
association,15
chief,15
currently,15
days,15
different,15
equivalents,15
event,15
funds,15
given,15
governmental,15
interests,15
located,15
maintain,15
methods,15
offering,15
procedures,15
reduction,15
reflected,15
reservoir,15
safety,15
significantly,15
south,15
techniques,15
technology,15
unless,15
172,14
2011,14
34,14
55,14
____________________________________________,14
accretion,14
adjustment,14
amortized,14
capped,14
claims,14
comply,14
components,14
counties,14
criteria,14
geological,14
global,14
hydrocarbons,14
inability,14
individual,14
insurance,14
july,14
large,14
mbbl,14
measured,14
measurement,14
nature,14
october,14
permit,14
petroleum,14
place,14
qstar,14
relative,14
represents,14
restrictions,14
scott,14
selected,14
spacing,14
supply,14
unable,14
wastes,14
write,14
1,13
2026,13
625,13
able,13
action,13
anticipated,13
calculated,13
calculation,13
case,13
combined,13
complete,13
completions,13
damage,13
depend,13
determine,13
east,13
funded,13
health,13
high,13
historical,13
impairments,13
inputs,13
likely,13
majority,13
meet,13
offer,13
oklahoma,13
opis,13
permits,13
point,13
pool,13
possible,13
presents,13
products,13
qualified,13
reasonably,13
restrict,13
review,13
ryder,13
scheduled,13
substantially,13
technologies,13
trading,13
zero,13
115,12
46,12
63,12
70,12
91,12
accelerated,12
actions,12
allocated,12
april,12
classification,12
closed,12
daily,12
did,12
difficult,12
downward,12
early,12
expire,12
fasb,12
finalized,12
formations,12
halff,12
indenture,12
infrastructure,12
inherent,12
mark,12
mix,12
multiple,12
offsetting,12
option,12
options,12
owned,12
payable,12
planned,12
plays,12
pollutants,12
president,12
providers,12
ratio,12
receivable,12
reclassified,12
recognizes,12
recoverable,12
registered,12
repurchased,12
rights,12
source,12
species,12
specific,12
subsidiaries,12
substances,12
summarized,12
tender,12
things,12
transaction,12
uncertainty,12
unsecured,12
uses,12
valorem,12
7,11
135,11
158,11
38,11
45,11
68,11
96,11
allow,11
anticipate,11
application,11
authoritative,11
basic,11
commercial,11
commitment,11
competition,11
completing,11
customer,11
damages,11
definitive,11
determination,11
disclosures,11
discoveries,11
dividend,11
economically,11
espp,11
experience,11
exposure,11
file,11
flaring,11
flow,11
focused,11
formation,11
government,11
holders,11
increases,11
increasing,11
indentures,11
limitations,11
low,11
matters,11
maximum,11
measurements,11
mmbtu,11
november,11
numerous,11
participants,11
pay,11
pipeline,11
pipelines,11
pre,11
projected,11
recent,11
reports,11
royalty,11
settled,11
storage,11
threats,11
topic,11
undiscounted,11
venture,11
72,10
103,10
117,10
152,10
39,10
508,10
57,10
60,10
65,10
757,10
89,10
ad,10
adjustments,10
allocation,10
assumed,10
balances,10
blm,10
carbon,10
combination,10
comparison,10
connection,10
consistent,10
constraints,10
critical,10
cumulative,10
decline,10
declines,10
default,10
deliver,10
document,10
dry,10
evaluation,10
expensed,10
forth,10
free,10
fully,10
howard,10
impose,10
judgment,10
known,10
liquid,10
litigation,10
location,10
martin,10
materials,10
mboe,10
mcf,10
measures,10
need,10
noncurrent,10
nsps,10
personnel,10
plugging,10
portfolio,10
predict,10
preparation,10
processor,10
projects,10
proxy,10
purchaser,10
quarters,10
ratings,10
referred,10
requiring,10
revolving,10
single,10
specified,10
strip,10
swap,10
totaled,10
trades,10
trustee,10
unrecognized,10
volatile,10
107,9
125,9
143,9
166,9
2012,9
2024,9
407,9
428,9
492,9
502,9
58,9
611,9
71,9
744,9
79,9
790,9
92,9
additions,9
administration,9
adopting,9
affecting,9
allowances,9
assessment,9
authorities,9
borrowings,9
caa,9
commission,9
competitors,9
conform,9
deducting,9
deductions,9
deficiency,9
design,9
equal,9
estimating,9
evaluating,9
fluids,9
framework,9
gains,9
geophysical,9
impacted,9
imprecise,9
initiatives,9
key,9
lands,9
lenders,9
loans,9
maintaining,9
margin,9
months,9
objective,9
operation,9
opinion,9
powder,9
power,9
prevent,9
profits,9
prospective,9
purchasers,9
purchases,9
purposes,9
records,9
recovery,9
redetermination,9
regulate,9
released,9
remain,9
river,9
spills,9
standard,9
strategy,9
stringent,9
summarizes,9
surface,9
swaps,9
termination,9
transfers,9
types,9
unit,9
utilization,9
vary,9
vest,9
waste,9
130,8
161,8
2025,8
243,8
250,8
258,8
278,8
313,8
354,8
491,8
51,8
53,8
59,8
62,8
67,8
741,8
88,8
acceleration,8
account,8
acquiring,8
amendment,8
approved,8
authority,8
benchmark,8
beneficial,8
caused,8
check,8
class,8
clean,8
comparable,8
compete,8
competitive,8
complex,8
conducted,8
consequently,8
contain,8
continued,8
counterparty,8
credits,8
decreases,8
depending,8
depleted,8
described,8
difference,8
dollar,8
downs,8
election,8
ensure,8
evaluate,8
example,8
expand,8
expertise,8
expressed,8
extended,8
extent,8
face,8
filer,8
firm,8
floating,8
fluctuations,8
focus,8
generate,8
generated,8
identified,8
indebtedness,8
intended,8
inventory,8
jv,8
legal,8
limits,8
mature,8
meeting,8
modified,8
near,8
operator,8
opportunities,8
par,8
particular,8
pcaob,8
penalties,8
pending,8
phase,8
plants,8
plus,8
prb,8
premium,8
previous,8
principles,8
processes,8
producible,8
profitability,8
releases,8
repayment,8
retrospective,8
rig,8
satisfy,8
seek,8
seismic,8
separate,8
set,8
strong,8
taken,8
times,8
totaling,8
trump,8
typically,8
uncertainties,8
variable,8
volume,8
weather,8
york,8
112,7
114,7
116,7
147,7
154,7
179,7
2009,7
2020,7
337,7
394,7
401,7
446,7
448,7
497,7
515,7
52,7
595,7
665,7
69,7
72,7
843,7
95,7
accepted,7
accordingly,7
accounted,7
active,7
address,7
agency,7
agreed,7
allows,7
alternative,7
analogous,7
annualized,7
applied,7
applying,7
approach,7
attributed,7
audits,7
calculations,7
cap,7
caption,7
closing,7
committee,7
comprised,7
concerning,7
conjunction,7
continues,7
coverage,7
covered,7
dakota,7
dates,7
delay,7
delivered,7
dependent,7
developing,7
developments,7
differences,7
directly,7
district,7
domestic,7
drinking,7
earlier,7
effectiveness,7
emerging,7
entity,7
expectations,7
extensions,7
fee,7
hole,7
immediately,7
implement,7
incentive,7
investors,7
involves,7
issuer,7
land,7
law,7
leasehold,7
making,7
multiplier,7
occurred,7
onshore,7
overhead,7
performed,7
persons,7
physical,7
positions,7
possibility,7
prohibit,7
project,7
psu,7
quantity,7
range,7
rating,7
real,7
regard,7
regardless,7
release,7
replace,7
represent,7
represented,7
retain,7
rockstar,7
schedule,7
semi,7
software,7
space,7
staff,7
status,7
subsequent,7
success,7
tier,7
timely,7
trade,7
tsr,7
ultimate,7
unsuccessful,7
unused,7
yield,7
24,6
113,6
123,6
131,6
139,6
178,6
182,6
192,6
201,6
217,6
230,6
241,6
253,6
321,6
395,6
444,6
552,6
557,6
568,6
61,6
629,6
654,6
700,6
720,6
77,6
78,6
806,6
86,6
912,6
937,6
94,6
970,6
978,6
98,6
99,6
actuarial,6
affiliates,6
america,6
apportionment,6
arrangement,6
assuming,6
attacks,6
believes,6
belvieu,6
borrow,6
burden,6
capture,6
carryforwards,6
cases,6
challenges,6
chemicals,6
code,6
concentration,6
confirmation,6
consecutive,6
considers,6
consisted,6
contingent,6
corresponding,6
crews,6
cybersecurity,6
dd,6
definition,6
designed,6
detection,6
discretion,6
disposed,6
endangered,6
engaged,6
enter,6
entire,6
entitled,6
error,6
estimation,6
exceed,6
exist,6
expenditure,6
experienced,6
expirations,6
flat,6
floor,6
fraud,6
fuel,6
glossary,6
handling,6
hierarchy,6
highest,6
human,6
implementation,6
important,6
improving,6
indication,6
infill,6
integral,6
intense,6
issue,6
legislative,6
letters,6
limiting,6
maintenance,6
matter,6
maximizing,6
members,6
mitigate,6
model,6
mont,6
montana,6
necessarily,6
negatively,6
normal,6
open,6
operators,6
outlook,6
ozone,6
payroll,6
periodically,6
plaintiff,6
practice,6
preceding,6
prevailing,6
protected,6
protection,6
purpose,6
raise,6
reconciliation,6
record,6
redeemed,6
reducing,6
relationships,6
relatively,6
rely,6
remedial,6
reservoirs,6
response,6
revised,6
seasonal,6
shown,6
stayed,6
stimulate,6
subsidiariesconsolidated,6
supplies,6
support,6
transfer,6
transition,6
treatment,6
ultimately,6
uncertain,6
underlying,6
utilized,6
valuations,6
variety,6
vocs,6
website,6
wellbore,6
wellhead,6
xbrl,6
5,5
102,5
108,5
121,5
124,5
129,5
142,5
144,5
175,5
176,5
183,5
188,5
191,5
197,5
199,5
200,5
2016net,5
218,5
233,5
234,5
244,5
280,5
287,5
327,5
328,5
329,5
344,5
368,5
370,5
378,5
382,5
386,5
403,5
405,5
411,5
414,5
426,5
437,5
503,5
573,5
575,5
607,5
609,5
636,5
650,5
66,5
74,5
740,5
767,5
796,5
800,5
803,5
84,5
842,5
906,5
absolute,5
acceptable,5
accruals,5
actively,5
amendments,5
analysts,5
anti,5
appeals,5
apply,5
approval,5
approximate,5
approximates,5
aspects,5
assume,5
audited,5
authorized,5
barrels,5
billings,5
bonds,5
bonus,5
bore,5
breaches,5
brent,5
calendar,5
captions,5
categories,5
ceiling,5
cercla,5
certainty,5
circuit,5
civil,5
coal,5
collective,5
compressors,5
consider,5
consist,5
consists,5
contains,5
contamination,5
contractually,5
contribution,5
converted,5
dacfg,5
defects,5
definitions,5
degree,5
differential,5
differs,5
digital,5
direct,5
discharge,5
disclosed,5
dispose,5
disruptions,5
document101,5
earth,5
effort,5
electricity,5
engineers,5
estate,5
excludes,5
exhibits,5
expects,5
failure,5
ferc,5
fracture,5
fuels,5
funding,5
geologic,5
governance,5
grid,5
having,5
hedge,5
henry,5
horizontal,5
hub,5
identify,5
iii,5
improvements,5
increasingly,5
indicated,5
inherently,5
initially,5
inlet,5
intent,5
intervals,5
involved,5
involving,5
issues,5
knowledge,5
lack,5
leased,5
lives,5
loe,5
met,5
metrics,5
monetary,5
nol,5
nonqualified,5
obama,5
offerings,5
original,5
osha,5
ottoson,5
outlined,5
past,5
peer,5
people,5
personal,5
pollution,5
practical,5
pressure,5
primary,5
processed,5
prohibited,5
published,5
purchased,5
quoted,5
rcra,5
realize,5
receivables,5
receives,5
recognition,5
recognize,5
recover,5
recovered,5
registration,5
regulated,5
repair,5
repurchases,5
research,5
responsible,5
rsu,5
satisfied,5
sets,5
short,5
shortages,5
shortfalls,5
shut,5
slightly,5
solely,5
spraberry,5
statutes,5
statutory,5
stochastic,5
stockholder,5
strict,5
tables,5
takes,5
target,5
terminate,5
terrorist,5
test,5
testing,5
threatened,5
throughput,5
tools,5
transmission,5
unauthorized,5
understanding,5
undrilled,5
unpaid,5
updated,5
valued,5
venting,5
volumesweighted,5
waha,5
warming,5
wildlife,5
williston,5
wolfcamp,5
yes,5
3,4
44,4
47,4
66,4
105,4
122,4
13783,4
146,4
162,4
163,4
165,4
167,4
169,4
189,4
214,4
226,4
252,4
257,4
264,4
272,4
293,4
305,4
309,4
315,4
357,4
362,4
375,4
389,4
406,4
410,4
42,4
420,4
439,4
447,4
468,4
476,4
494,4
507,4
561,4
580,4
588,4
597,4
621,4
637,4
638,4
642,4
671,4
699,4
715,4
723,4
750,4
769,4
805,4
82,4
832,4
87,4
934,4
959,4
968,4
977,4
984,4
985,4
____________________________________________note,4
adequate,4
agent,4
aggregated,4
allowance,4
applies,4
arise,4
arising,4
asus,4
atmosphere,4
attract,4
bankruptcy,4
bbtu,4
bear,4
budget,4
capable,4
capitalization,4
cautionary,4
certification,4
changed,4
chieftain,4
cleanup,4
climatic,4
collateral,4
collectively,4
commissions,4
comparative,4
compressor,4
congress,4
conservation,4
considerable,4
constitutes,4
constructed,4
construction,4
contained,4
containing,4
contingencies,4
continuing,4
contributions,4
conversions,4
convert,4
cover,4
create,4
crew,4
criminal,4
decisions,4
deficiencies,4
den,4
derived,4
detailed,4
determining,4
differ,4
dioxide,4
disposition,4
diversified,4
effectively,4
elected,4
enactment,4
establish,4
evidence,4
exceeds,4
exchanges,4
excluded,4
execute,4
exercise,4
expiration,4
extend,4
extension,4
extraction,4
extreme,4
factor,4
failures,4
farm,4
feet,4
flexibility,4
fluctuate,4
force,4
furnished,4
gather,4
going,4
grants,4
groundwater,4
guidelines,4
history,4
horizon,4
hsc,4
ice,4
implemented,4
imposition,4
improved,4
incentives,4
incorporation,4
indicative,4
individually,4
institutions,4
international,4
javan,4
judicial,4
labor,4
largely,4
lateral,4
leaks,4
linkbase,4
manage,4
manager,4
margins,4
mineral,4
minerals,4
monthly,4
needs,4
nepa,4
nonproductive,4
occurs,4
officers,4
oindicate,4
opa,4
organizations,4
owner,4
partial,4
participating,4
paying,4
plant,4
play,4
points,4
portions,4
positive,4
post,4
practices,4
premiums,4
prepared,4
problems,4
proceedings,4
professionals,4
properties1,4
prospects,4
provider,4
providing,4
pursue,4
qualify,4
ratios,4
raven,4
receipts,4
recompletion,4
recurring,4
redeem,4
reductions,4
refinancing,4
regular,4
remediate,4
removal,4
removed,4
requirement,4
rescinded,4
residue,4
respects,4
restoration,4
reviews,4
salary,4
sand,4
schedules,4
secured,4
securing,4
separately,4
severance,4
sites,4
size,4
smaller,4
spot,4
stations,4
stay,4
stipulations,4
structured,4
studies,4
subsurface,4
successfully,4
suite,4
technique,4
technological,4
thermal,4
traded,4
transferred,4
treasury,4
trend,4
tribal,4
turn,4
unconsolidated,4
underground,4
unprocessed,4
upton,4
utilize,4
vice,4
voc,4
warrant,4
waters,4
weakness,4
western,4
wider,4
work,4
world,4
year1,4
young,4
1,3
12,3
16,3
20,3
28,3
36,3
59,3
60,3
65,3
74,3
78,3
8,3
86,3
97,3
126,3
134,3
145,3
148,3
14a,3
150,3
151,3
168,3
185,3
187,3
190,3
195,3
196,3
1a,3
2007,3
205,3
216,3
220,3
229,3
242,3
262,3
276,3
286,3
289,3
297,3
303,3
325,3
334,3
349,3
352,3
355,3
369,3
380,3
383,3
391,3
392,3
442,3
443,3
459,3
464,3
499,3
504,3
523,3
529,3
530,3
533,3
549,3
571,3
587,3
590,3
593,3
614abandonment,3
622,3
628,3
643,3
657,3
666,3
708,3
721,3
722,3
73,3
738,3
745,3
751,3
765,3
789,3
7gas,3
81,3
852,3
860,3
861,3
862,3
867,3
877,3
885,3
889,3
896,3
8gas,3
908,3
916,3
917,3
920,3
923,3
924,3
938,3
966,3
969,3
97,3
995,3
998,3
9ngls,3
accidents,3
accretion665,3
accuracy,3
accurately,3
achieve,3
acre,3
adjacent,3
adjust,3
adopt,3
affiliate,3
affiliated,3
allocations,3
allowing,3
amt,3
anniversary,3
announced,3
approvals,3
assess,3
assumes,3
attainment,3
attention,3
attractive,3
attributable,3
averagecontract,3
averaged,3
averagegrant,3
avoid,3
barrel,3
began,3
best,3
breach,3
british,3
butane,3
carryover,3
category,3
certificate,3
characterized,3
collar,3
colorado,3
commenced,3
commercially,3
committed,3
commodities,3
compensatory,3
comprising,3
conducting,3
confidential,3
conflict,3
conformity,3
consequences,3
consultants,3
consulting,3
content,3
contribute,3
corruption,3
countries,3
course,3
courts,3
covering,3
cubic,3
curves,3
customary,3
cutting,3
cyber,3
cycle,3
datefair,3
declared,3
deemed,3
delaware,3
denver,3
dependence,3
depth,3
designated,3
designation,3
deteriorate,3
deterministic,3
dilution,3
directed,3
discharges,3
discontinued,3
discounts,3
discovered,3
dispositions,3
divided,3
documents,3
doing,3
downgrades,3
droughts,3
drove,3
duration,3
earn,3
easements,3
economy,3
efficiencies,3
efficiency,3
electric,3
eliminate,3
endeddecember,3
engage,3
engaging,3
enhanced,3
equally,3
ernst,3
escalations,3
establishing,3
ethane,3
evaluates,3
exclude,3
executed,3
execution,3
expanded,3
expansion,3
expensive,3
explore,3
external,3
fact,3
fairly,3
fargo,3
fifth,3
finance,3
flooding,3
floods,3
forecasts,3
forfeitures,3
frequently,3
gasoline,3
gbm,3
ghg,3
giving,3
goals,3
groups,3
grow,3
hand,3
hazards,3
heading,3
highly,3
histories,3
holdings,3
holes,3
hydrocarbon,3
inadequate,3
inflows,3
influence,3
injection,3
injury,3
instances,3
integrated,3
integrating,3
internally,3
interpretations,3
interruptions,3
inventories,3
invested,3
involve,3
irc,3
isobutane,3
judgments,3
justify,3
know,3
latest,3
leak,3
led,3
lessen,3
letter,3
lien,3
liens,3
lifting,3
liquefied,3
listing,3
lived,3
loan,3
maintained,3
manner,3
marginal,3
marketability,3
maximize,3
means,3
mexico,3
misstatements,3
mmcf,3
mortgage,3
motion,3
narrow,3
negotiated,3
newly,3
nols,3
objectives,3
obsolete,3
obtaining,3
occupational,3
occurrence,3
offices,3
ongoing,3
operates,3
opinions,3
optimization,3
organic,3
oversight,3
oxley,3
peck,3
peers,3
performing,3
person,3
placed,3
premier,3
prepare,3
pressures,3
prevention,3
private,3
privately,3
probabilistic,3
probable,3
producers,3
producibility,3
professional,3
progress,3
prohibits,3
propane,3
properly,3
properties49,3
pursell,3
ranges,3
read,3
reasons,3
reconciliations,3
recycle,3
refinance,3
refineries,3
refining,3
reliable,3
remits,3
renewal,3
repay,3
replaced,3
responsibility,3
restrictive,3
retired,3
reviewed,3
reviewing,3
routinely,3
rrp,3
run,3
safe,3
sarbanes,3
scrutiny,3
sector,3
sedimentary,3
segment,3
selection,3
sellers,3
selling,3
setting,3
settling,3
seven,3
sharing,3
similarly,3
simulation,3
site,3
sixth,3
social,3
sponsoring,3
square,3
stage,3
stages,3
stimulation,3
storms,3
straight,3
stranded,3
strategic,3
strategies,3
stratigraphic,3
structure,3
subsequently,3
summer,3
supreme,3
surrendered,3
suspend,3
suspended,3
sustain,3
swapscontract,3
sweetie,3
targeted,3
taxable,3
terrorism,3
tet,3
thereon,3
thereto,3
thousand,3
tight,3
track,3
treadway,3
trust,3
trusts,3
type,3
unconventional,3
unknown,3
unresolved,3
useful,3
vulnerable,3
wade,3
west,3
wide,3
willing,3
winter,3
www,3
xto,3
000____________________________________________,2
2,2
9,2
25,2
30,2
32,2
35,2
41,2
48,2
54,2
56,2
57,2
67,2
83,2
89,2
0total,2
101,2
106,2
110,2
118,2
119,2
1200,2
127,2
12b,2
132,2
13a,2
153,2
155,2
159,2
15d,2
16amortization,2
171,2
177,2
1775,2
181,2
184,2
186,2
1934,2
194,2
1add,2
1b,2
1ngls,2
2003,2
2006,2
2016major,2
2016oil,2
2016shares,2
202,2
2028,2
208,2
210,2
212,2
223,2
227,2
235,2
245,2
246,2
247,2
259,2
263,2
265,2
267,2
268,2
274,2
282,2
283,2
294,2
2____________________________________________,2
2ngls,2
301,2
302,2
308,2
312,2
317,2
322,2
331,2
335,2
338,2
340,2
342,2
347,2
353,2
356,2
367,2
367stock,2
372,2
379,2
387,2
390,2
396,2
3relative,2
400,2
402,2
409,2
413,2
415,2
417,2
423,2
427,2
429,2
432,2
433,2
434,2
457,2
458,2
471,2
473,2
475,2
483,2
485,2
486,2
487,2
488,2
490,2
493,2
4gas,2
4revisions,2
507total,2
509,2
514,2
522,2
531,2
536,2
539,2
554,2
555,2
556,2
559,2
582settlements,2
5south,2
600,2
604,2
606,2
610,2
613,2
623,2
627,2
632,2
633derivative,2
639,2
641,2
644,2
649,2
663,2
674,2
675,2
685,2
687,2
688,2
690,2
694,2
69item,2
6gas,2
6second,2
711,2
713,2
718,2
725,2
727,2
729,2
730,2
733,2
735,2
746,2
747,2
780,2
784,2
794,2
7a,2
80203,2
808,2
809,2
8140,2
818,2
820,2
821,2
828,2
833,2
835,2
844,2
845,2
846,2
847,2
853,2
865,2
875,2
876,2
894,2
897net,2
898,2
900,2
907,2
909,2
921,2
925,2
935,2
943,2
949,2
953,2
963,2
965,2
975,2
986,2
991,2
999,2
9a,2
9avg,2
9b,2
9depletion,2
__________________________________________note,2
abandon,2
abandoned,2
abandoning,2
abr,2
accelerate,2
accords,2
accountant,2
accountants,2
accrual,2
accrue,2
accumulation,2
accurate,2
acquired1,2
activityduring,2
acts,2
adequately,2
advancements,2
affects,2
agree,2
agreementon,2
alleged,2
allegedly,2
allowed,2
altogether,2
amend,2
analyses,2
annex,2
annually,2
appears,2
appreciation,2
arithmetic,2
armed,2
asc,2
asserted,2
assessed,2
assessing,2
assigned,2
assumption,2
attorney,2
authorizations,2
awarded,2
bachelor,2
bailo,2
bakken,2
ban,2
bearing,2
behalf,2
believed,2
beneficiary,2
bickle,2
bid,2
bond,2
booked,2
booking,2
books,2
boosting,2
brand,2
businesses,2
capacities,2
capitalizing,2
carries,2
casing,2
categorized,2
centrifugal,2
challenge,2
changing,2
chapter,2
characteristics,2
charged,2
charges,2
chase,2
city,2
clarified,2
clarify,2
classes,2
cloud,2
collarscontract,2
collected,2
coloradofebruary,2
columbia,2
combinations,2
commencing,2
communication,2
comparability,2
compare,2
compares,2
composition,2
computer,2
computing,2
concentrate,2
concentrated,2
concentrations,2
concluded,2
condensate,2
consent,2
considering,2
consisting,2
consolidate,2
consumer,2
consummated,2
consumption,2
context,2
contiguous,2
continuous,2
contractors,2
contractscurrent,2
contractsnoncurrent,2
contributory,2
coso,2
cost18,2
cost2,2
costless,2
costly,2
costs15,2
costs184,2
costs2,2
count,2
creation,2
crude,2
currencies,2
curtailment,2
curve,2
cushing,2
datathe,2
debt26,2
decision,2
declare,2
declining,2
defendants,2
defer,2
deferring,2
deficit,2
delayed,2
delaying,2
delineating,2
delineation,2
delivering,2
depends,2
depreciated,2
depressed,2
derives,2
description,2
designate,2
designs,2
desired,2
detect,2
detected,2
diesel,2
difficulties,2
disadvantage,2
disaggregation,2
disagreements,2
discontinue,2
discourage,2
distribution,2
distributions,2
diversification,2
dividing,2
drained,2
driving,2
duly,2
earned,2
economics,2
economies,2
edge,2
ef,2
elect,2
electronically,2
eliminated,2
emitters,2
employment,2
enforced,2
enforcement,2
engineer,2
enhance,2
entering,2
especially,2
eurodollar,2
evolving,2
examination,2
examining,2
exceeded,2
exit,2
expedient,2
expedients,2
expense23,2
exporting,2
exports,2
expose,2
exposed,2
express,2
extensive,2
extensively,2
faces,2
facilitating,2
facts,2
fault,2
favorable,2
fiduciary,2
finally,2
financings,2
finding,2
findings,2
fired,2
firmto,2
flared,2
flowback,2
fluid,2
focusing,2
followed,2
footage,2
forced,2
forecasted,2
foreseeable,2
forfeited,2
forks,2
forming,2
fossil,2
fractured,2
frequency,2
frequent,2
fundamental,2
futures,2
garnering,2
gathered,2
gd,2
generates,2
generating,2
generation,2
geographic,2
geologists,2
geoscience,2
ghgs,2
goal,2
goods,2
goodwill,2
gov,2
governments,2
grade,2
graph,2
ground,2
guarantees,2
gwp,2
hardware,2
headcount,2
hedging,2
hired,2
horizontally,2
houston,2
hurricanes,2
hypothetical,2
identical,2
impair,2
impaired,2
implementing,2
implied,2
incapable,2
inconsistent,2
increase6,2
increment,2
increments,2
incurring,2
indemnification,2
indicate,2
indicates,2
indicating,2
indirect,2
individuals,2
induced,2
inflation,2
influenced,2
inside,2
insignificant,2
inspect,2
instability,2
installation,2
instead,2
instrumentsthe,2
intangible,2
integrate,2
intend,2
interpreted,2
interrupted,2
interstate,2
intraday,2
introduction,2
investigatory,2
investments100,2
irs,2
issuances,2
issuers,2
issuing,2
jpmorgan,2
jurisdiction,2
kind,2
landmen,2
larger,2
later,2
leading,2
leasing,2
leaves,2
legacy,2
legality,2
leiker,2
length,2
lessees,2
lessor,2
leverage,2
lieu,2
like,2
limitation,2
linked,2
liquids,2
log,2
lose,2
loss1,2
lowered,2
lytle,2
mact,2
magnitude,2
maintains,2
managed,2
managing,2
marketing,2
master,2
matches,2
maturities,2
meetings,2
member,2
membership,2
mercantile,2
methodologies,2
methodology,2
minimal,2
minor,2
misstatement,2
modifications,2
modify,2
money,2
monitor,2
monitoring,2
movements,2
mud,2
multi,2
mutually,2
named,2
nation,2
needed,2
negative,2
neshap,2
net5,2
netting,2
network,2
newer,2
nitrogen,2
nonrecurring,2
noted,2
notice,2
obligationsthe,2
observable,2
obtained,2
obtains,2
offered,2
opposition,2
optimizing,2
orderly,2
ordinances,2
organization,2
originally,2
outcome,2
outcomes,2
outlookwe,2
outstanding111,2
outstanding113,2
owns,2
oxides,2
paris,2
participated,2
particularly,2
partnerships,2
parts,2
passage,2
path,2
payout,2
pays,2
perceived,2
percentage48,2
permitted,2
pertain,2
peru,2
petitions,2
placement,2
planning,2
planunder,2
pneumatic,2
political,2
pooling,2
poor,2
predictable,2
predicted,2
predominately,2
preferred,2
presence,2
preventing,2
priorities,2
projections,2
proper,2
proportion,2
proprietary,2
prospect,2
protects,2
prove,2
pumps,2
pursuit,2
puts,2
qualitative,2
quantitative,2
quintana,2
rank,2
rate22,2
reached,2
realizing,2
receipt,2
receiving,2
recipients,2
reciprocating,2
reclassification,2
recommendations,2
reconstructed,2
recoverability,2
redemptions,2
reduces,2
refers,2
reflective,2
refunded,2
regency,2
regulating,2
relates,2
relevant,2
reliability,2
reliance,2
remains,2
remedies,2
remove,2
render,2
renew,2
renewals,2
rent,2
representative,2
reputation,2
request,2
rescind,2
resolution,2
restructure,2
retaining,2
retire,2
reversed,2
revise,2
revision,2
riskthe,2
robeson,2
rockymountain,2
royalties,2
saltwater,2
satisfactory,2
science,2
scientists,2
seasons,2
secretary,2
secure,2
seismicity,2
sells,2
sensitive,2
sequestration,2
severity,2
shall,2
sherman,2
shift,2
shorter,2
signature,2
signed,2
skill,2
society,2
soon,2
southeast,2
spe,2
special,2
specifically,2
spent,2
spes,2
standby,2
stated,2
statistical,2
steps,2
stream,2
street,2
strengthening,2
stronger,2
structural,2
study,2
subjects,2
subleased,2
submitted,2
subordinated,2
subsidiariesopinion,2
subsidiary,2
substance,2
substantive,2
substitute,2
subtopic,2
sullivan,2
sum,2
superfund,2
supplementary,2
suppliers,2
surrender,2
susceptible,2
suspension,2
swingline,2
symbol,2
tailgate,2
taking,2
tanks,2
targeting,2
targets,2
taxes141,2
taxpayers,2
team,2
teams,2
telephone,2
temperature,2
temporary,2
terminal,2
thresholds,2
ticker,2
tons,2
tornadoes,2
toxic,2
transformation,2
transport,2
tulsa,2
typical,2
unaudited,2
uncommon,2
underfunded,2
undersigned,2
underwriters,2
underwriting,2
underwritten,2
unexpected,2
unforeseen,2
unfunded,2
unitization,2
unitsthe,2
university,2
unpermitted,2
unqualified,2
unrestricted,2
unsatisfied,2
unweighted,2
update,2
utilities,2
utilizing,2
valuenon,2
variables,2
variances,2
variations,2
venado,2
vessels,2
volatilities,2
voluntarily,2
voting,2
wachovia,2
warrants,2
wastewater,2
waves,2
way,2
wetlands,2
widely,2
withdraw,2
withheld,2
withholdings,2
wyoming,2
year30,2
zone,2
Ã¾indicate,2
000mid,1
000permian,1
000repayment,1
000south,1
000total,1
4,1
7,1
009the,1
10,1
13,1
019ending,1
01expense,1
01granted583,1
23,1
026asset,1
29,1
02statement,1
31,1
34,1
035net,1
4,1
40,1
044reserves,1
045less,1
048benefits,1
49,1
04we,1
50,1
050net,1
51,1
518430,1
52,1
057other20,1
6,1
060ngl,1
61,1
062capital,1
64,1
662021,1
067pension,1
68,1
06forfeited,1
074other,1
75,1
76,1
77,1
79,1
84,1
87,1
88,1
08vested,1
93,1
093equity,1
94,1
99,1
09as,1
0___________________________________________,1
0____________________________________________,1
0delivery,1
0exploratory,1
0interest,1
0mmboe,1
0ngls,1
0senior,1
100intended,1
102pension,1
104interest,1
105note,1
106oil,1
107asset,1
107ngl,1
107the,1
108the,1
109,1
10b,1
10balance,1
10gas,1
10productionthe,1
110proved,1
111note,1
112note,1
113116quarterly,1
113___________________________________________,1
114the,1
115future,1
115property,1
117additional,1
117item,1
118management,1
119report,1
11drilling,1
11lock,1
11production,1
121item,1
122item,1
123part,1
123total,1
1244,1
12510,1
127signaturespursuant,1
128,1
128signature,1
12acreagethe,1
130exploratory,1
133,1
133net,1
1350,1
136,1
137,1
137a,1
137wells,1
13ad,1
13we,1
141,1
149,1
14competition,1
154accounts,1
154derivative,1
156,1
15environmental,1
164,1
1692021,1
16containment,1
16effect,1
16per,1
16production,1
16second,1
172exploration,1
172net,1
173,1
174,1
17forfeited,1
17we,1
180,1
182____________________________________________,1
18404,1
18407,1
18410,1
184____________________________________________,1
184total,1
187issuance,1
188____________________________________________,1
18cash,1
18proved,1
1908,1
1915,1
192total,1
1933,1
1934commission,1
1934for,1
194non,1
194total,1
1974,1
198issuance,1
1990,1
1992,1
1998,1
19available,1
1____________________________________________note,1
1indenture,1
1infill,1
1long,1
1membership,1
1mmboe,1
1net,1
1oil,1
1production,1
1proved,1
1pv,1
1removed,1
1restated,1
1supplement,1
1table,1
1the,1
1total,1
200212631,1
200232,1
200299,1
2005,1
200available,1
200interest,1
201104,1
2014balance,1
2016111,1
201653,1
201668,1
2016cash,1
2016operating,1
2016reserve,1
2016risk,1
2016the,1
2016weighted,1
2017111,1
201749,1
2017equity,1
2017projected,1
2018112,1
20181231x10k,1
20182017,1
20184,1
201861,1
2018average,1
2018nymex,1
2019120item,1
20195,1
201970sm,1
2019a,1
2019by,1
2019carla,1
2019javan,1
2019julio,1
2019larry,1
2019loren,1
2019patrick,1
2019ramiro,1
2019rose,1
2019stephen,1
2019william,1
2022476,1
2024500,1
2025500,1
2026500,1
2027500,1
2034,1
2038,1
203936,1
203total,1
203wells,1
20549form,1
206,1
209,1
209____________________________________________,1
209purchases,1
209total,1
20maintenance,1
20total,1
211,1
21210,1
212noncurrent,1
214purchases300realized,1
217related,1
219,1
21____________________________________________,1
21e,1
21royalty,1
21sixth,1
222,1
222compensation31,1
224,1
224acquisitions,1
225,1
228,1
22gas,1
22item,1
230diluted113,1
231total,1
232,1
236,1
238,1
239unproved,1
240,1
240total,1
249,1
24and,1
24b,1
250gas,1
251,1
254,1
255,1
256,1
25____________________________________________,1
25amendment,1
25the,1
264total,1
266,1
266prepaid,1
268dividends,1
269,1
26call,1
26our,1
270previously,1
271,1
275,1
276derivative,1
2785,1
27a,1
27call,1
280the,1
2866,1
288ngl,1
28call,1
28fourth,1
28takeaway,1
28transportation,1
290,1
291,1
291the,1
295,1
296,1
299,1
29call,1
29future,1
2amended,1
2deed,1
2effective,1
2equivalent,1
2indenture,1
2less,1
2purchase,1
300,1
300total,1
306,1
307liabilities,1
30call,1
30effect,1
30ngls,1
31539sm,1
315working,1
316,1
319,1
31call,1
31our,1
322____________________________________________,1
323,1
324,1
326,1
328property,1
32of,1
32production,1
32realized,1
32second,1
331exploration,1
333,1
334thereafter,1
336,1
338total,1
339,1
33activities,1
341,1
343,1
345,1
346,1
347properties,1
349total,1
34leak,1
34per,1
350,1
3506,1
351,1
354cash,1
3556,1
357relative,1
358,1
359,1
35our,1
362income,1
362other,1
362total161,1
363,1
363less,1
364,1
367general,1
369deferred,1
370gas,1
372____________________________________________,1
373,1
376,1
377,1
378cash,1
379accumulated,1
37current,1
37our,1
38item,1
38the,1
3905,1
393,1
397unrecognized,1
398,1
399,1
39part,1
39the,1
3indenture,1
3letter,1
3midland,1
3net,1
3unproved,1
400104note,1
400total,1
401net,1
402other,1
402total,1
404,1
407other,1
408,1
409a,1
40purchases,1
410ngl,1
412total,1
413working,1
416,1
419,1
41fourth,1
41item,1
42025,1
426net,1
426relative,1
4292020,1
42supplemental,1
4345,1
436,1
438,1
43item,1
4405,1
441,1
44690note,1
449,1
44gain,1
450ngl,1
450operating,1
451,1
452,1
456,1
45ngls,1
45this,1
460,1
462drilling,1
463credit,1
463the,1
466,1
467,1
467derivative,1
46depletion,1
46production,1
46realized,1
470,1
470____________________________________________,1
470total,1
471101pension,1
471derivative,1
472,1
474,1
474total,1
478,1
478____________________________________________,1
478accounts,1
478amortization,1
478net,1
47the,1
47total,1
481,1
482,1
484,1
489,1
48assets,1
494income,1
495,1
496,1
496total,1
49financial,1
4____________________________________________note,1
4abandonment,1
4asset,1
4mmboe,1
4net,1
4purchase,1
4relative,1
4senior,1
4there,1
500trade,1
500unamortized,1
501,1
5022020,1
506,1
507contributionsthe,1
50a,1
512,1
513,1
516,1
51____________________________________________,1
51transportation,1
523impairment,1
524,1
526,1
526sales,1
527,1
528,1
52depletion,1
52non,1
52third,1
537pension6,1
538,1
538total,1
539deferred,1
53the,1
540,1
540net,1
543,1
545,1
545other,1
546,1
547,1
54dd,1
556sales,1
55general,1
560total,1
562,1
565depletion,1
568basic,1
568diluted,1
568dilutive,1
56non,1
56please,1
56vested,1
570cumulative,1
572,1
573revenue,1
574,1
575if,1
575purchase,1
577,1
579,1
57overview,1
581,1
582,1
582commodity,1
582total,1
584,1
584unproved,1
585,1
588liabilities,1
58ngls,1
58we,1
594,1
599,1
59as,1
59non,1
5____________________________________________,1
5areas,1
5base,1
5eagle,1
5end,1
5exploration,1
5gas,1
5general,1
5membership,1
5mmboe,1
5oil,1
5operating,1
5production,1
5the,1
601,1
602,1
603,1
607employee,1
608cash,1
608net,1
608total,1
60completion,1
610amounts,1
614,1
617cash,1
619,1
61commodity,1
61third,1
623issuance,1
623retained,1
624,1
626,1
6276,1
628fair,1
62in,1
630113supplemental,1
630derivative,1
633credit,1
633other,1
634,1
635,1
638interest,1
63production,1
63the,1
640cash,1
644interest40,1
64proved,1
651,1
652020,1
656,1
657accumulated,1
658,1
659,1
659service,1
65environmentalwe,1
661,1
662,1
6622,1
6637,1
663senior,1
663the,1
667,1
667total,1
66accumulated,1
66in,1
672proved,1
672unproved,1
673,1
676gas,1
679,1
67depletion,1
67fourth,1
67the,1
681,1
6826,1
685interest,1
687total,1
689,1
689actuarial,1
68item,1
68total,1
691,1
6914,1
691qstar,1
6932024,1
698,1
69third,1
6____________________________________________,1
6abandonment,1
6exploration,1
6mmboe,1
6ngls,1
6proved,1
6revisions,1
6south,1
6used,1
6we,1
700cumulative,1
700other,1
704,1
707,1
708benefits,1
710,1
714,1
7152023,1
716,1
719,1
71sm,1
722other,1
724,1
72sm,1
731,1
731actual,1
732,1
732basic,1
732other,1
734,1
735collective,1
736,1
737,1
738total,1
73____________________________________________note,1
73consolidated,1
73dividends,1
73gas39,1
73sm,1
7412023,1
745exploration,1
745exploration55,1
745impairment,1
748,1
74sm,1
752020,1
752total,1
753,1
754,1
755,1
756,1
758,1
7586,1
75sm,1
760net,1
761,1
764,1
765income,1
766,1
767cash,1
768,1
76diluted,1
76sm,1
771,1
772,1
772total,1
774,1
776,1
776____________________________________________,1
776liabilities,1
777,1
77the,1
781,1
782additions,1
783,1
783relative,1
785,1
7852022,1
786,1
78_____________________________________,1
78for,1
792noncurrent,1
798,1
79cash,1
79collars,1
7dd,1
7derivative,1
7gas1,1
7general,1
7lease,1
7mmboe503,1
7net,1
7proved,1
7purchase,1
7sales,1
7the,1
7third,1
7total,1
7total161,1
7weighted,1
800total,1
801,1
802,1
804,1
804____________________________________________,1
80industry,1
812,1
812proved,1
813,1
819,1
819other,1
81granted572,1
81the,1
820collective,1
822,1
822018,1
822____________________________________________,1
825,1
826,1
828net,1
828total,1
829,1
83,1
831,1
834eagle,1
835total,1
837changes,1
838gas,1
839,1
83fourth,1
83third,1
83total,1
840,1
846as,1
846divestitures,1
849,1
84revenue,1
851,1
852016,1
853commodity,1
857,1
859,1
85effect,1
85gas,1
85opis,1
867stock,1
868valuation,1
869total,1
86exchange,1
86wells,1
870less,1
871,1
871equity,1
872,1
873,1
873sweetie,1
878,1
879,1
879deferred,1
87general,1
87under,1
884,1
887,1
888,1
88the,1
890total,1
893,1
894____________________________________________,1
897,1
897issuance,1
89federal,1
8___________________________________________,1
8equivalent,1
8fourth,1
8ngls,1
8proved,1
904,1
908cumulative,1
908expected,1
90th,1
911,1
9132022,1
914,1
918,1
919,1
91diluted,1
91senior,1
922022,1
926,1
929state,1
92general,1
930,1
931,1
931total,1
932020,1
932state1,1
936,1
938deferred,1
938future,1
93fourth,1
93second,1
93the,1
93third,1
940,1
941,1
942income,1
943accounts,1
946,1
947,1
94ad,1
94note,1
950total,1
952,1
952additions,1
9556,1
956,1
956employer,1
957,1
95799note,1
958,1
95contingenciesthe,1
95transportation,1
961midland,1
961revisions,1
962,1
964,1
96a,1
96nymex,1
970general,1
970impairment,1
971,1
972020,1
978funded,1
97compensation,1
97gas,1
984offsetting,1
986federal,1
988revision,1
989,1
989derivative,1
98realized,1
98total,1
990,1
992other,1
993,1
994,1
9966,1
997,1
99other14,1
9acquisitions,1
9end,1
9equivalent,1
9gas,1
9gathering,1
9mmboe,1
9oil,1
9realized,1
9removed,1
9sales,1
9settlements,1
9supplemental,1
_________________________________________,1
___________________________________________,1
abandonments,1
abbreviated,1
abnormal,1
absence,1
absorb,1
abstract,1
abundance,1
accelerating,1
accessing,1
accident,1
accommodate,1
accomplished,1
according,1
accrues,1
accruing,1
achievable,1
achieved,1
achieving,1
acquisitions2018,1
acreage13,1
activities720,1
activitiescosts,1
activitiesproved,1
activity12,1
activity426,1
activityall,1
activityeagle,1
activityprb,1
activityrock,1
activityrocky,1
actually,1
adding,1
additives,1
addressed,1
addresses,1
addressing,1
adjoining,1
adjusting,1
adjusts,1
administer,1
administered,1
administrative116,1
advances,1
advantage,1
advantages,1
affordable,1
aftermath,1
age,1
aggregation,1
agreeing,1
algorithmic,1
aligns,1
allegations,1
alleging,1
allocable,1
allocate,1
allowance105,1
alter,1
altered,1
alternate,1
alternatives,1
ambient,1
amenable,1
amending,1
analyze,1
analyzed,1
analyzing,1
angles,1
animal,1
anomalies,1
apart,1
appear,1
appellate,1
applications,1
appoints,1
apportioned,1
approximated,1
areal,1
army,1
arrange,1
arranged,1
arrangementsas,1
arrangementsthe,1
asserting,1
assets120disposition,1
assets130unrealized,1
assets152disposition,1
assets175,1
assets191unrealized,1
assets33,1
assets34,1
assets35,1
assets37,1
assets429,1
assets5,1
assets58,1
assets92,1
assetsthe,1
assign,1
assignable,1
assignment,1
assimilating,1
assist,1
assistant,1
assumptionsthe,1
attached,1
attack,1
attainable,1
attempt,1
attempts,1
attestation,1
attorney31,1
attorneyknow,1
attorneys,1
auditor,1
auditryder,1
auspices,1
authorization,1
authorize,1
automatically,1
averaging,1
away,1
backup,1
bad,1
banks,1
barclay,1
bargain,1
bargaining,1
barriers,1
basic111,1
bears,1
beaver,1
beds,1
begin,1
behavior,1
benefitsthe,1
bidding,1
black,1
blend,1
blowouts,1
bonding,1
book,1
borne,1
boundaries,1
branch,1
breakdowns,1
breeding,1
brigham,1
brine,1
bring,1
broader,1
brownian,1
btu,1
build,1
buildings,1
built,1
burdens,1
bureau,1
burning,1
buyers,1
cal,1
california,1
called,1
cancel,1
canceled,1
capabilities,1
capacity1,1
capital1,1
capitalizes,1
carefully,1
carla,1
carlo,1
carried,1
carry,1
carryback,1
carrybacks,1
carryforward,1
carryover22,1
carryovers4,1
cashwe,1
causes,1
caution,1
central,1
certifications,1
certified,1
certify,1
chairman,1
challenged,1
change10,1
changerevisions,1
changes13,1
channel,1
character,1
charge,1
charter,1
charters,1
chemical,1
chosen,1
circumvented,1
cities,1
civ,1
cj,1
claim,1
claimed,1
clarifies,1
clarifying,1
clay,1
cleaning,1
closure,1
co2,1
co2e,1
collapse,1
collars,1
collateralized,1
collect,1
collectibility,1
collection,1
collusion,1
column,1
com,1
combining,1
commence,1
commences,1
comment,1
comments,1
comments39item,1
commentswe,1
commerce,1
commingled,1
commissionwashington,1
commit,1
commitments13,1
commitmentsthe,1
commits,1
committees,1
communicated,1
community,1
company44,1
companygeneral,1
compensation121item,1
compensation2,1
compensation3,1
compensationat,1
compensationthe,1
competition15,1
complaint,1
completely,1
complies,1
complying,1
composed,1
composite,1
compound,1
compounds,1
computation,1
computations,1
compute,1
computed,1
computes,1
conceived,1
concentrating,1
concerns,1
conclusion,1
conclusive,1
conclusively,1
concurrently,1
configuration,1
confined,1
confirming,1
congressional,1
connected,1
connecting,1
consented,1
consistency,1
consistently,1
conspiracy,1
constant,1
constantly,1
constituting,1
constrained,1
construct,1
constructing,1
constructive,1
consuming,1
consummate,1
containment,1
contaminated,1
contents,1
contentsitem,1
continent,1
contingency,1
continuation,1
continuity,1
contracts13,1
contracts35,1
contracts53,1
contravention,1
contributed,1
contributing,1
contribution8,1
controlled,1
controller,1
controlling,1
conventional,1
conventions,1
converse,1
conversely,1
converting,1
converts,1
coordinated,1
corps,1
correct,1
correlations,1
corresponds,1
cost6,1
costs1,1
costs191,1
costs48,1
counted,1
counts,1
covenant,1
covers,1
craterings,1
creditworthiness,1
cumulatively,1
curative,1
cured,1
currency,1
curtail,1
curtailments,1
customers13,1
customersthe,1
customerswe,1
cuts,1
cyberattacks,1
data42item,1
data50,1
data70item,1
databases,1
datareport,1
dealing,1
death,1
debtcredit,1
debts,1
debtthe,1
decade,1
deceit,1
decide,1
declined,1
decommissioning,1
decreasing,1
dedicate,1
dedicated,1
deduct,1
deducted,1
deduction,1
deed,1
deem,1
def,1
defect,1
defective,1
defend,1
defendant,1
defines,1
degrees,1
dehydrators,1
delegated,1
deliberate,1
delineate,1
delinquent,1
deliveries,1
demographics,1
demonstrated,1
dense,1
deny,1
department,1
departments,1
departures,1
depletes,1
deployed,1
deposited,1
deregulation,1
derivativesthe,1
describing,1
despite,1
destruction,1
details,1
determinations,1
deviating,1
difficulty,1
dilutive1,1
diminished,1
direction,1
directors10,1
disasters,1
disbursements,1
disclaim,1
disclose,1
disclosure117item,1
disclosurenone,1
disclosures39,1
disclosuresthese,1
discontinuance,1
discount305,1
discover,1
discovery,1
discuss,1
dismantlement,1
dispatching,1
disposals,1
disproportionate,1
dispute,1
disputed,1
disputes,1
disrupting,1
disruption,1
distracted,1
distributed,1
diversify,1
diversity,1
divert,1
divest,1
divesting,1
divestment,1
domestically,1
dow,1
downgraded,1
downstream,1
downturn,1
drainage,1
dramatically,1
dredged,1
drilled126,1
drivers,1
drives,1
duty,1
earned0,1
easier,1
efficiently,1
electing,1
elections,1
electronic,1
eliminates,1
emit,1
emitted,1
emitting,1
emphasizes,1
employed,1
employer,1
enable,1
enacted,1
encompass,1
encounter,1
encourage,1
endanger,1
endangerment,1
engineered,1
enhancements,1
enhancing,1
enjoy,1
ensuing,1
entails,1
enters,1
entirely,1
entirety,1
entitling,1
entry,1
environmental66,1
eoc,1
equation,1
equations,1
equipmentother,1
equity2,1
equity74consolidated,1
errors,1
essential,1
estimates63,1
estimatesour,1
estimations,1
ethics,1
evaluations,1
eventually,1
evidenced,1
evolve,1
evolves,1
exact,1
examinations,1
exceeding,1
excessive,1
exchanged,1
exchangesecurities,1
exchanging,1
excise,1
exhibitnumberdescription,1
existed,1
exists,1
expanding,1
expanse,1
expectation,1
expend,1
expense160,1
expense20,1
expense4,1
expense487,1
expense53,1
expense63,1
expense71,1
expenses1,1
expenses23,1
expenses310,1
expensesaccounts,1
expensethe,1
experiencing,1
expired,1
explanation,1
exploitation,1
explosions,1
export,1
expressions,1
extending,1
extensions9,1
extracted,1
facilitate,1
factors23item,1
factual,1
fahrenheit,1
fail,1
failed,1
fails,1
fall,1
far,1
faulty,1
favor,1
feature,1
featuresas,1
federally,1
field80,1
fields,1
filers,1
files,1
filings,1
fine,1
fines,1
fires,1
firm70consolidated,1
fix,1
fixes,1
fixture,1
flood,1
flows4,1
flows75notes,1
flows8,1
flows9,1
fluctuates,1
focuses,1
follow,1
ford73,1
forecast,1
foreign,1
forfeiture,1
forma,1
forms,1
foundation,1
founded,1
fraction,1
fractional,1
freezing,1
froze,1
frozen,1
fugitive,1
fulfill,1
functioning,1
fundamentals,1
furnish,1
furniture,1
furthermore,1
gallons,1
gathers,1
general4,1
geometric,1
geophysicists,1
geopolitical,1
gives,1
globally,1
glycol,1
governance121item,1
governancethe,1
gradually,1
grained,1
graphthe,1
greatly,1
green,1
grouped,1
grouping,1
grown,1
grows,1
guarantee,1
guarantors,1
halt,1
harm,1
harmed,1
hazard,1
headquarters,1
heard,1
heat,1
heavily,1
help,1
hereof,1
highlightsour,1
historically,1
holds,1
hosting,1
htm,1
hurdles,1
hydraulically,1
hydrogen,1
i4items,1
identification,1
ii40item,1
iii121item,1
iiiitem,1
iiitem,1
illiquid,1
immaterial,1
immediate,1
impacting,1
impermeable,1
implements,1
imported,1
imposes,1
imposing,1
improperly,1
inaccuracy,1
inactive,1
incident,1
incidental,1
incidents,1
income2,1
incorporate,1
incremental,1
incurrence,1
indefinite,1
indemnify,1
independence,1
independence123item,1
independencethe,1
indicators,1
indices,1
indirectly,1
industrial,1
industries,1
ineffective,1
infer,1
inferences,1
infill151,1
infills,1
information121,1
information20,1
informationnone,1
informationthe,1
inhibit,1
initiate,1
initiated,1
injecting,1
injections,1
injector,1
input,1
inquiry,1
ins,1
insolvency,1
inspections,1
install,1
installed,1
instance,1
institution,1
institutional,1
instructions,1
instrument,1
instrumentssummary,1
insulated,1
insured,1
intangibles,1
intends,1
intensely,1
intensify,1
intensive,1
intention,1
interactive,1
interagency,1
interbank,1
intercompany,1
intercontinental,1
interestcapitalized,1
interfere,1
interior,1
intermediate,1
internet,1
interpolated,1
interpret,1
interpretation,1
interpretive,1
interruption,1
intervention,1
intrastate,1
introduced,1
invest,1
investigate,1
investigation,1
investigations,1
investor,1
invests,1
irregularities,1
irrevocable,1
isolation,1
issuable,1
issued291,1
issued30,1
itemized,1
iterating,1
iterations,1
iv,1
iv124item,1
ivitem,1
iwhen,1
jeopardize,1
jobs,1
joining,1
jones,1
jpm,1
julio,1
jurisdictional,1
jurisdictions,1
kÃ¾,1
lab,1
label,1
landing,1
landowners,1
larry,1
laterals,1
lawful,1
lawsuit,1
leasedcorporate,1
legally,1
legislating,1
lengthy,1
lessee,1
lesser,1
letter101,1
leveraged,1
liabilities1,1
liabilities12,1
liabilities13,1
liabilities2,1
liabilities258,1
liabilities42,1
liabilities466,1
liabilities62,1
liabilitiesas,1
libor,1
licensed,1
lifted,1
light,1
likelihood,1
llp23,1
llpdenver,1
llpwe,1
lng,1
localized,1
locally,1
locate,1
locating,1
lock,1
logs,1
london,1
loren,1
louisiana,1
lowest,1
lying,1
mainly,1
malfunctions,1
malicious,1
managers,1
mandates,1
marked,1
marketplace,1
marketprice,1
mary,1
mass,1
matching,1
materialize,1
materializing,1
mathematically,1
matters122item,1
matters65,1
mattersgeneral,1
mattersplease,1
mattersthe,1
meaning,1
meaningfully,1
meant,1
measurementsthe,1
measures672table,1
measuresadjusted,1
mechanical,1
mechanically,1
meets,1
memorandum,1
memorandums,1
merge,1
mergers,1
meteorological,1
metric,1
micro,1
mid,1
migration,1
mild,1
military,1
mines,1
miscellaneous,1
mistake,1
mitigation,1
modeling,1
models,1
moderate,1
modest,1
monitors,1
monte,1
moody,1
mortgages,1
motor,1
moved,1
multinational,1
municipal,1
municipalities,1
mutual,1
nations,1
nearby,1
nearest,1
negligible,1
negotiate,1
neighboring,1
nesting,1
net1,1
net18,1
net287,1
net3,1
netdevelopment,1
netmidland,1
netted,1
netwells,1
nominal,1
nominating,1
nominations,1
nonconvertible,1
noneindicate,1
nonpayment,1
nonperformance,1
notes492,1
notesduring,1
noteson,1
notified,1
notwithstanding,1
novate,1
oasis,1
objectively,1
obligated,1
obligations91,1
obligationsplease,1
observable109,1
observed,1
obstruct,1
occasionally,1
occurring,1
offsets,1
offshore,1
oif,1
oil103,1
oil18,1
omitted,1
opal,1
operation6,1
operations44,1
operations72consolidated,1
operations836,1
operationssm,1
opinionthe,1
opinionthese,1
opposed,1
opposing,1
optimal,1
optimizations,1
optimized,1
ordered,1
orders,1
ordinary,1
organizational,1
organize,1
organized,1
oro,1
other1,1
other4,1
other41,1
other8,1
outflows,1
outlay,1
output,1
outs,1
override,1
overriding,1
overseeing,1
overviewwe,1
owed,1
owing,1
owners31,1
package,1
page,1
pageitem,1
participant,1
participate,1
participation,1
partners,1
passed,1
pathways,1
patrick,1
pattern,1
payable56,1
payable94,1
paymentsthe,1
peck15,1
percentage11,1
percentage38,1
percentage43,1
percentage65,1
percentages,1
perception,1
period445,1
permanent,1
permeable,1
permian19,1
permian27,1
perspective,1
petition,1
petrochemical,1
petrophysical,1
pieces,1
pipe,1
pit,1
pits,1
place0,1
place1,1
placethe,1
placing,1
plan186,1
plan199,1
plan218,1
plansthe,1
planthe,1
planthere,1
platforms,1
platt,1
playing,1
plugged,1
policiesdescription,1
politics,1
pools,1
populated,1
porous,1
pose,1
posted,1
posting,1
postretirement,1
pound,1
preapproval,1
precedents,1
precision,1
predecessors,1
predicting,1
preferences,1
prepaid,1
prescribed,1
presentationthe,1
presently,1
prevalent,1
pricesour,1
prime,1
principle,1
priority,1
privileges,1
pro,1
probability,1
procedural,1
procedure,1
procedures118item,1
proceduresevaluation,1
procedureswe,1
proceedings39item,1
proceedingsfrom,1
processors,1
producer,1
produces,1
production11,1
productivity,1
profiles,1
profitable,1
progress295,1
promised,1
promote,1
promoting,1
properties14,1
properties4,1
properties55,1
properties61,1
properties7,1
properties748,1
properties82,1
properties913,1
propertiesgeneralwe,1
propertiesproved,1
proposal,1
propose,1
proposing,1
proration,1
prospectively,1
protect,1
protective,1
proven,1
proves,1
provision,1
proximity,1
prudently,1
psus1,1
publicly,1
purchasersperiod,1
purity,1
pursuing,1
putative,1
qualifies,1
quantify,1
quantitiesthe,1
quarteryear,1
quasi,1
quickly,1
quotes,1
raising,1
ramiro,1
ramping,1
ranged,1
rapid,1
ratability,1
rate1,1
rate3,1
rate4,1
rate5,1
rate6,1
rated,1
ratesour,1
ratifying,1
raw,1
readily,1
realities,1
realizable,1
realizations,1
reassessing,1
rebalanced,1
rec,1
receivable167,1
receivablethe,1
reclassifications,1
reclassify,1
reclassifying,1
recognitionthe,1
recompleted,1
reconcile,1
reconciles,1
reconciling,1
recording,1
recoveries,1
redacted,1
redelivers,1
redeterminations,1
redetermine,1
referencecertain,1
referenced,1
referring,1
refinanced,1
refined,1
reflecting,1
reflections,1
reform,1
refractured,1
refundable,1
refunds,1
refunds4,1
regenerative,1
registeredcommon,1
registrant23,1
regularly,1
regulates,1
regulations15,1
regulators,1
reinterpreted,1
relate,1
relation,1
relations,1
relationship,1
releasing,1
reliant,1
relocate,1
remainder,1
remained,1
remediation,1
removing,1
rendered,1
renewable,1
renewables,1
renewed,1
rentals,1
reorganization,1
repairs,1
repayments,1
repeal,1
repeatable,1
replacement,1
replacing,1
reportinga,1
reportingmanagement,1
reportingthere,1
reportingwe,1
representation,1
representations,1
representatives,1
representing,1
resale,1
rescinding,1
rescissions,1
reserves11,1
reserves7,1
reservesproved,1
reset,1
resigning,1
resources58,1
respectively1,1
respectively88,1
respond,1
restriction,1
resubstitution,1
returning,1
returnsthe,1
reveal,1
revenue1,1
revenue125,1
revenue17,1
revenue216,1
revenue3,1
revenue354,1
revenue547,1
revenue61,1
revenue92,1
revenues3,1
rich,1
rise,1
riskwe,1
rockstar55,1
rose,1
ruled,1
rulemaking,1
ruling,1
rulings,1
running,1
ruptures,1
said,1
salaries,1
saleany,1
saleassets,1
salt,1
salvaging,1
sample,1
satisfaction,1
savings,1
scaling,1
sch,1
schedules124item,1
schema,1
scholes,1
scope,1
sea,1
season,1
seasonality,1
seasonality14,1
seasoned,1
secondary,1
sectors,1
secures,1
securities21,1
securities26,1
securities31,1
securities38,1
securities39,1
securities40item,1
securities41,1
securitiesmarket,1
segments,1
sending,1
sent,1
series,1
seriously,1
serve,1
served,1
services123,1
servicesthe,1
servitudes,1
settlements1,1
settlements20,1
settlements9,1
shape,1
shareholder,1
sharesin,1
sharethe,1
sheets71consolidated,1
shelf,1
shell,1
ship,1
shipped,1
shortened,1
shutting,1
sign,1
significance,1
simple,1
simplify,1
simulations,1
simultaneously,1
situations,1
skills,1
slight,1
small,1
soil,1
solar,1
sole,1
solid,1
sound,1
sourced,1
space14,1
spaced,1
speak,1
specifications,1
spend,1
spread,1
spur,1
st,1
stabilized,1
stable,1
standardseffective,1
star,1
statements18,1
statements77all,1
statementsnote,1
statementsthe,1
statementsthis,1
statementswe,1
statessecurities,1
stationary,1
statistically,1
stead,1
stephen,1
stimulating,1
stipulates,1
stock3,1
stock55,1
stockthe,1
store,1
strategy4,1
strategyour,1
strength,1
stricter,1
strictly,1
strike,1
strikes,1
struck,1
styled,1
subjected,1
subjecting,1
sublease,1
submission,1
submit,1
substitutes,1
substitution,1
succeed,1
succession,1
successors,1
sudden,1
suffer,1
sufficiently,1
suitable,1
sulfide,1
summary1273part,1
summarynone,1
summertime,1
sums,1
superintendence,1
supervision,1
supported,1
surety,1
surrounding,1
suspensions,1
sustainable,1
sustained,1
takeover,1
takeovers,1
talented,1
tank,1
tax4,1
tax42,1
tax5,1
taxation,1
taxed,1
taxes1,1
taxes18,1
taxes223,1
taxes3,1
taxes651,1
taxes66,1
taxesthe,1
taxonomy,1
tech,1
telecommunication,1
temporarily,1
tenth,1
terminated,1
terminating,1
terms20item,1
tetcontract,1
theft,1
therefrom,1
thereof,1
thereunto,1
therewith,1
threat,1
tightening,1
took,1
topics,1
tortious,1
totalproduction,1
townships,1
traditionally,1
training,1
transact,1
transactionsin,1
transferring,1
transporting,1
TRUE,1
turmoil,1
uncontrollable,1
undergoes,1
undersupply,1
undertaking,1
unduly,1
unemployment,1
unencumbered,1
unhedged,1
unlikely,1
unobservableplease,1
unprecedented,1
unprotected,1
unproven,1
unreasonable,1
unregulated,1
unusable,1
upheaval,1
upward,1
users,1
usually,1
utah,1
utilizes,1
valuethe,1
valuing,1
vandalism,1
variability,1
variance,1
varied,1
varies,1
varying,1
vehicles,1
ventures,1
verifying,1
vertical,1
vertically,1
vi,1
viable,1
vicinity,1
vigorous,1
vigorously,1
virtue,1
viruses,1
volumetric,1
vulnerabilities,1
wait,1
waiting,1
waived,1
waiver,1
warranties,1
wave,1
ways,1
weakening,1
weightings,1
wellbores,1
wells11,1
went,1
wherewithal,1
widening,1
wilderness,1
william,1
willingness,1
wind,1
windows,1
winds,1
winters,1
wish,1
withdrawal,1
withdrawn,1
withdrew,1
withhold,1
withholding,1
withholdings171,1
withholdings199,1
withholdings291,1
words,1
worker,1
workover,1
workplace,1
worthless,1
year107,1
year158,1
year175,1
year253,1
year258,1
year58,1
year66,1
year68,1
year99,1
yearslong,1
yield0,1
yielding,1
yields,1
zip,1
zoning,1
Ã¾the,1
